Gmt time;Open;High;Low;Close;Volume
2024-01-09;2026.96;2042.03;2026.06;2030.07;101277
2024-01-10;2028.96;2040.29;2020.49;2024.2;104517
2024-01-11;2022.39;2039.59;2013.3;2028.72;126869
2024-01-12;2027.9;2062.28;2027.9;2048.93;140909
2024-01-15;2048.58;2058.65;2045.82;2054.48;78905
2024-01-16;2054.28;2055.42;2024.26;2028.3;131727
2024-01-17;2027.29;2032.95;2001.84;2006.16;122125
2024-01-18;2004.63;2023.25;2004.63;2022.97;116963
2024-01-19;2022.88;2039.41;2020.41;2029.37;106946
2024-01-22;2029.82;2032.09;2016.59;2021.37;116727
2024-01-23;2020.57;2037.93;2019.59;2028.97;115958
2024-01-24;2028.51;2036.71;2011.21;2014.44;124401
2024-01-25;2012.68;2025.28;2009.27;2020.7;107713
2024-01-26;2019.85;2026.81;2015.97;2018.46;101121
2024-01-29;2021.46;2037.6;2019.32;2032.31;102914
2024-01-30;2032.86;2048.66;2029.05;2036.63;105075
2024-01-31;2034.96;2056.04;2030.87;2038.54;132992
2024-02-01;2038.82;2065.47;2030.08;2054.88;140973
2024-02-02;2053.32;2057.69;2027.93;2039.53;120982
2024-02-05;2039.25;2042.19;2014.9;2024.76;125831
2024-02-06;2023.32;2038.9;2022.92;2035.78;112121
2024-02-07;2035.03;2044.56;2030.61;2034.92;90422
2024-02-08;2033.74;2038.72;2020.21;2033.94;105722
2024-02-09;2033.62;2037.2;2020.33;2024.2;94571
2024-02-12;2023.3;2027.62;2011.91;2019.91;91815
2024-02-13;2019.01;2032.37;1990.11;1993.07;96589
2024-02-14;1992.27;1996.15;1984.27;1992.19;101710
2024-02-15;1991.5;2008.28;1990.19;2004.27;91545
2024-02-16;2003.45;2015.18;1995.11;2013.12;101961
2024-02-19;2014.0;2022.94;2008.92;2017.66;66799
2024-02-20;2017.69;2030.88;2015.01;2024.06;95358
2024-02-21;2023.7;2032.27;2020.07;2025.96;104649
2024-02-22;2024.58;2034.89;2019.67;2024.72;111552
2024-02-23;2023.46;2041.36;2016.02;2035.45;108600
2024-02-26;2033.04;2037.06;2025.06;2031.19;92902
2024-02-27;2029.63;2039.48;2028.75;2030.33;94567
2024-02-28;2029.73;2037.89;2024.45;2033.71;102307
2024-02-29;2033.55;2050.69;2028.1;2043.77;107377
2024-03-01;2043.11;2088.31;2039.04;2083.2;115452
2024-03-04;2082.02;2119.89;2079.45;2114.42;109560
2024-03-05;2112.64;2141.76;2110.47;2127.82;124500
2024-03-06;2126.98;2152.18;2123.69;2148.1;113345
2024-03-07;2148.33;2164.67;2144.26;2159.63;103194
2024-03-08;2159.08;2195.13;2154.02;2178.49;117320
2024-03-11;2177.89;2189.0;2174.81;2182.77;88280
2024-03-12;2180.87;2184.74;2150.57;2158.43;99468
2024-03-13;2157.55;2179.84;2155.74;2174.58;91751
2024-03-14;2173.09;2176.98;2152.79;2161.85;94027
2024-03-15;2161.64;2172.72;2155.19;2155.6;85818
2024-03-18;2154.91;2163.57;2146.07;2160.13;86267
2024-03-19;2159.48;2162.82;2147.15;2157.57;89706
2024-03-20;2157.59;2188.79;2149.63;2185.96;97713
2024-03-21;2186.28;2222.65;2166.39;2180.88;135294
2024-03-22;2180.42;2186.09;2157.1;2165.22;112140
2024-03-25;2165.48;2181.35;2163.6;2171.33;93713
2024-03-26;2170.82;2200.1;2167.63;2177.89;97544
2024-03-27;2177.61;2197.59;2173.37;2194.72;83746
2024-03-28;2193.73;2236.18;2187.36;2232.76;112263
2024-04-01;2239.36;2265.71;2228.51;2250.57;103935
2024-04-02;2250.95;2281.01;2246.67;2280.21;120527
2024-04-03;2280.48;2301.14;2265.52;2299.85;129593
2024-04-04;2298.8;2305.59;2280.01;2290.62;114784
2024-04-05;2289.83;2330.44;2267.76;2329.24;135728
2024-04-08;2322.24;2353.89;2302.94;2339.03;159615
2024-04-09;2338.31;2365.29;2336.88;2352.84;142291
2024-04-10;2352.97;2360.11;2319.43;2332.76;140566
2024-04-11;2332.47;2377.68;2325.8;2373.33;138401
2024-04-12;2371.54;2431.47;2333.87;2344.17;181026
2024-04-15;2352.98;2387.58;2324.25;2382.75;194035
2024-04-16;2382.53;2398.24;2362.95;2382.27;192313
2024-04-17;2378.45;2395.56;2354.44;2360.76;163774
2024-04-18;2360.56;2392.77;2360.22;2377.42;150734
2024-04-19;2378.44;2417.81;2372.91;2390.57;187087
2024-04-22;2387.9;2388.42;2325.13;2325.38;150239
2024-04-23;2327.01;2334.41;2291.35;2321.76;169228
2024-04-24;2321.08;2337.29;2311.8;2315.78;136972
2024-04-25;2314.58;2344.87;2305.08;2331.83;137711
2024-04-26;2330.65;2352.52;2326.3;2337.72;124374
2024-04-29;2335.57;2346.76;2319.97;2335.8;142059
2024-04-30;2334.61;2336.27;2285.09;2285.25;133606
2024-05-01;2286.58;2328.23;2281.63;2317.16;136446
2024-05-02;2317.05;2326.4;2285.46;2303.36;159264
2024-05-03;2303.28;2320.63;2277.11;2302.11;225330
2024-05-06;2302.93;2332.01;2291.84;2324.01;220306
2024-05-07;2323.38;2329.97;2309.99;2313.69;195553
2024-05-08;2312.89;2321.4;2303.71;2308.87;205652
2024-05-09;2307.85;2347.21;2306.58;2345.94;206039
2024-05-10;2345.45;2378.45;2344.47;2359.98;228305
2024-05-13;2360.89;2364.52;2331.82;2336.6;205033
2024-05-14;2335.48;2359.63;2334.13;2357.75;216307
2024-05-15;2357.22;2390.28;2351.84;2385.97;235322
2024-05-16;2384.46;2397.35;2370.98;2376.68;227907
2024-05-17;2376.0;2422.72;2373.97;2413.41;217934
2024-05-20;2417.01;2450.06;2407.29;2425.23;298482
2024-05-21;2425.75;2433.94;2406.2;2420.81;251218
2024-05-22;2420.15;2426.58;2375.04;2378.0;232294
2024-05-23;2377.47;2383.68;2326.9;2328.45;205638
2024-05-24;2328.01;2347.44;2325.4;2333.78;127545
2024-05-27;2333.42;2358.5;2332.19;2350.43;94698
2024-05-28;2351.14;2364.11;2340.28;2361.04;139959
2024-05-29;2361.19;2362.01;2334.54;2338.23;131549
2024-05-30;2338.11;2351.8;2322.66;2343.01;158393
2024-05-31;2342.9;2359.79;2320.6;2327.63;161994
2024-06-03;2326.31;2354.71;2314.79;2350.56;156746
2024-06-04;2350.3;2352.81;2315.62;2326.84;157328
2024-06-05;2326.7;2357.45;2325.91;2355.0;139972
2024-06-06;2354.71;2378.53;2353.54;2375.92;145402
2024-06-07;2375.89;2387.75;2286.67;2293.32;173822
2024-06-10;2293.56;2313.79;2287.75;2310.79;114729
2024-06-11;2311.99;2319.93;2297.76;2316.73;161271
2024-06-12;2316.5;2341.7;2310.73;2324.36;174394
2024-06-13;2324.11;2326.63;2295.58;2304.01;166958
2024-06-14;2303.67;2336.66;2300.27;2332.6;160115
2024-06-17;2329.19;2332.5;2310.03;2318.99;136635
2024-06-18;2318.65;2333.1;2306.59;2329.28;141596
2024-06-19;2329.14;2335.07;2323.84;2327.91;104401
2024-06-20;2326.77;2365.54;2324.91;2359.43;166071
2024-06-21;2359.98;2368.77;2316.74;2321.41;193766
2024-06-24;2319.91;2334.7;2317.59;2333.74;176132
2024-06-25;2331.86;2337.15;2315.55;2319.31;176870
2024-06-26;2319.58;2323.86;2293.71;2298.22;198166
2024-06-27;2298.23;2330.91;2296.56;2327.8;182215
2024-06-28;2327.17;2339.78;2319.06;2326.44;187061
2024-07-01;2326.24;2338.56;2318.52;2331.84;184364
2024-07-02;2330.9;2336.81;2319.13;2329.52;168534
2024-07-03;2329.37;2364.98;2326.92;2356.03;178286
2024-07-04;2356.66;2362.55;2350.56;2356.63;101619
2024-07-05;2357.46;2392.94;2349.95;2391.08;171408
2024-07-08;2385.74;2391.09;2351.11;2358.83;155698
2024-07-09;2358.27;2371.53;2349.45;2363.87;146290
2024-07-10;2363.78;2386.63;2361.76;2371.43;111537
2024-07-11;2368.96;2424.59;2368.96;2414.78;158289
2024-07-12;2415.54;2418.26;2391.44;2411.59;176205
2024-07-15;2413.82;2439.75;2401.35;2421.84;174711
2024-07-16;2421.42;2469.73;2420.04;2468.47;181031
2024-07-17;2467.42;2483.71;2451.49;2459.11;213636
2024-07-18;2458.16;2474.91;2440.31;2445.07;185056
2024-07-19;2444.65;2445.81;2393.79;2400.39;193441
2024-07-22;2400.52;2412.22;2383.95;2396.26;169364
2024-07-23;2396.3;2412.08;2388.24;2409.38;168011
2024-07-24;2408.88;2432.0;2397.11;2397.64;180106
2024-07-25;2397.04;2401.22;2353.15;2364.63;233508
2024-07-26;2364.27;2390.8;2355.85;2387.32;178901
2024-07-29;2387.69;2403.13;2369.6;2383.59;175457
2024-07-30;2382.76;2412.79;2376.52;2411.26;177106
2024-07-31;2410.49;2450.96;2403.92;2447.86;194562
2024-08-01;2448.72;2462.26;2430.26;2446.84;222130
2024-08-02;2446.22;2477.62;2410.77;2441.36;231900
2024-08-05;2441.25;2458.86;2364.25;2409.34;285755
2024-08-06;2408.29;2418.32;2381.68;2389.24;242587
2024-08-07;2391.44;2407.08;2379.03;2382.64;203717
2024-08-08;2381.75;2427.71;2380.86;2426.85;206244
2024-08-09;2426.11;2437.07;2416.96;2431.05;186083
2024-08-12;2429.41;2473.15;2423.85;2473.11;156629
2024-08-13;2472.3;2476.98;2458.51;2464.75;170163
2024-08-14;2463.92;2479.96;2438.11;2447.76;185846
2024-08-15;2445.16;2470.13;2432.22;2456.37;181914
2024-08-16;2456.3;2509.75;2450.77;2507.35;176167
2024-08-19;2510.37;2510.37;2485.71;2504.2;187283
2024-08-20;2502.53;2531.74;2497.35;2514.1;179476
2024-08-21;2510.41;2519.91;2493.52;2511.85;173573
2024-08-22;2511.99;2514.68;2470.81;2484.26;185361
2024-08-23;2482.93;2518.35;2482.93;2511.91;183087
2024-08-26;2508.61;2526.88;2508.61;2518.21;174197
2024-08-27;2516.6;2525.97;2503.58;2524.48;167266
2024-08-28;2520.67;2529.05;2493.59;2504.5;183721
2024-08-29;2504.57;2528.73;2503.66;2521.25;186472
2024-08-30;2520.63;2526.91;2494.22;2503.34;186764
2024-09-02;2502.52;2507.29;2490.08;2499.31;115772
2024-09-03;2498.25;2506.29;2473.53;2492.9;201364
2024-09-04;2492.52;2500.28;2471.89;2496.09;184982
2024-09-05;2495.5;2523.55;2493.84;2516.13;182385
2024-09-06;2516.12;2529.28;2485.09;2497.54;211025
2024-09-09;2496.77;2507.19;2485.59;2506.27;189176
2024-09-10;2506.26;2518.49;2500.18;2516.57;179434
2024-09-11;2516.13;2529.08;2500.96;2511.62;209818
2024-09-12;2512.1;2560.09;2511.04;2558.46;200628
2024-09-13;2557.79;2586.11;2556.72;2578.35;201498
2024-09-16;2577.77;2589.68;2575.29;2582.97;160769
2024-09-17;2581.92;2586.98;2560.85;2569.85;171901
2024-09-18;2568.21;2600.11;2546.78;2559.2;205586
2024-09-19;2558.75;2594.9;2551.17;2586.81;232309
2024-09-20;2585.47;2625.75;2584.75;2622.26;206958
2024-09-23;2620.57;2634.86;2613.88;2628.36;193662
2024-09-24;2628.03;2664.36;2622.66;2657.02;228930
2024-09-25;2657.32;2670.6;2649.77;2657.14;209629
2024-09-26;2656.34;2685.59;2654.8;2672.23;220232
2024-09-27;2671.56;2674.31;2643.13;2659.79;230921
2024-09-30;2657.37;2666.06;2624.76;2635.09;217033
2024-10-01;2634.08;2673.11;2632.35;2663.72;187731
2024-10-02;2661.13;2663.36;2641.15;2659.01;198369
2024-10-03;2657.99;2662.98;2637.33;2656.08;205555
2024-10-04;2654.83;2670.19;2632.15;2653.55;196274
2024-10-07;2650.77;2659.65;2637.76;2642.83;206682
2024-10-08;2642.13;2652.98;2604.75;2621.93;251812
2024-10-09;2621.12;2624.36;2605.13;2608.01;210481
2024-10-10;2606.84;2631.52;2603.1;2629.26;216385
2024-10-11;2629.68;2661.44;2628.07;2656.33;183283
2024-10-14;2655.57;2666.82;2643.22;2648.07;175211
2024-10-15;2646.36;2668.96;2638.12;2662.61;197473
2024-10-16;2662.1;2685.33;2658.75;2673.77;220209
2024-10-17;2674.41;2696.78;2672.69;2692.83;234550
2024-10-18;2691.83;2722.52;2691.83;2721.88;224558
2024-10-21;2721.08;2740.57;2714.28;2719.11;250931
2024-10-22;2719.5;2748.87;2718.86;2748.45;215597
2024-10-23;2747.14;2758.45;2708.79;2715.86;235898
2024-10-24;2715.32;2743.29;2715.05;2735.87;222883
2024-10-25;2734.58;2747.61;2717.04;2747.33;212170
2024-10-28;2735.56;2745.95;2724.74;2742.14;219976
2024-10-29;2741.54;2774.81;2739.74;2774.66;234817
2024-10-30;2774.03;2790.02;2770.95;2786.89;227029
2024-10-31;2786.99;2790.07;2731.6;2743.78;227927
2024-11-01;2743.22;2762.25;2733.21;2735.88;237851
2024-11-04;2732.97;2748.16;2730.05;2735.55;223913
2024-11-05;2736.02;2749.98;2724.78;2743.86;214570
2024-11-06;2743.2;2749.66;2652.46;2659.28;331836
2024-11-07;2658.78;2710.2;2643.26;2707.18;259616
2024-11-08;2705.02;2710.38;2680.38;2684.13;234188
2024-11-11;2679.81;2686.15;2610.64;2619.46;231956
2024-11-12;2618.74;2627.14;2589.73;2598.28;242586
2024-11-13;2597.63;2618.87;2572.83;2573.06;232173
2024-11-14;2572.2;2581.43;2536.89;2565.39;257925
2024-11-15;2563.77;2576.05;2554.43;2561.58;239163
2024-11-18;2561.28;2615.09;2560.51;2612.17;224715
2024-11-19;2611.02;2639.48;2610.34;2632.54;236445
2024-11-20;2629.3;2655.41;2618.9;2649.84;210022
2024-11-21;2652.02;2673.54;2648.86;2669.62;215906
2024-11-22;2669.15;2715.63;2668.12;2715.42;258874
2024-11-25;2713.57;2721.41;2615.66;2625.49;251271
2024-11-26;2624.16;2641.97;2605.22;2632.91;221297
2024-11-27;2632.51;2658.27;2627.13;2635.46;205329
2024-11-28;2637.0;2649.65;2620.98;2637.6;137687
2024-11-29;2636.97;2666.38;2634.07;2650.3;208662
2024-12-02;2652.98;2653.32;2621.91;2639.02;223607
2024-12-03;2636.1;2655.63;2634.14;2643.71;210370
2024-12-04;2642.29;2657.16;2632.45;2649.8;214190
2024-12-05;2651.07;2655.56;2623.57;2631.96;201252
2024-12-06;2630.51;2645.68;2612.78;2632.62;204006
2024-12-09;2645.95;2676.44;2627.59;2659.76;223323
2024-12-10;2659.23;2695.59;2658.0;2693.74;204197
2024-12-11;2692.45;2721.23;2675.12;2718.16;341954
2024-12-12;2716.43;2726.23;2675.02;2680.56;370854
2024-12-13;2680.49;2692.78;2645.74;2648.72;344626
2024-12-16;2649.49;2664.32;2643.5;2652.78;232087
2024-12-17;2652.93;2658.6;2633.06;2645.87;264629
2024-12-18;2644.55;2651.74;2583.57;2585.36;246632
2024-12-19;2582.24;2626.45;2582.22;2594.11;277678
2024-12-20;2592.65;2631.85;2589.67;2623.02;253493
2024-12-23;2618.91;2633.25;2608.14;2613.44;219149
2024-12-24;2612.0;2621.49;2610.04;2616.27;145937
2024-12-26;2618.38;2639.18;2613.29;2633.31;171105
2024-12-27;2632.92;2638.37;2611.69;2621.38;188560
2024-12-30;2618.96;2628.2;2596.07;2606.33;194653
2024-12-31;2604.86;2627.63;2602.59;2623.86;183747
2025-01-02;2625.84;2660.53;2621.51;2657.32;256303
2025-01-03;2656.84;2665.19;2636.58;2640.33;220071
2025-01-06;2635.39;2649.48;2614.32;2635.97;258412
2025-01-07;2634.97;2664.39;2632.93;2648.54;238251
2025-01-08;2647.23;2669.96;2645.24;2661.38;225774
2025-01-09;2660.83;2678.26;2655.51;2670.27;159068
2025-01-10;2669.84;2698.0;2663.74;2689.17;205104
2025-01-13;2689.25;2693.27;2656.81;2663.72;202573
2025-01-14;2661.24;2678.12;2659.87;2677.09;190629
2025-01-15;2677.7;2697.47;2669.43;2696.33;184440
2025-01-16;2694.3;2724.74;2689.98;2714.29;199904
2025-01-17;2714.72;2717.3;2698.98;2702.63;189615
2025-01-20;2700.45;2713.8;2689.45;2706.09;160032
2025-01-21;2707.03;2746.07;2702.81;2744.62;221536
2025-01-22;2742.98;2763.45;2741.88;2756.14;196335
2025-01-23;2755.78;2758.95;2735.85;2754.54;209084
2025-01-24;2752.45;2785.97;2752.45;2771.39;215529
2025-01-27;2769.92;2772.57;2730.49;2740.57;247405
2025-01-28;2739.75;2765.09;2734.93;2763.52;192052
2025-01-29;2761.35;2766.23;2744.77;2759.31;191931
2025-01-30;2756.47;2798.55;2756.47;2793.35;190386
2025-01-31;2794.16;2817.2;2791.12;2799.26;209055
2025-02-03;2804.8;2830.57;2772.22;2814.44;252933
2025-02-04;2813.63;2845.41;2807.33;2841.93;225305
2025-02-05;2840.58;2882.4;2839.78;2866.97;211585
2025-02-06;2866.52;2873.27;2834.19;2856.45;207265
2025-02-07;2852.56;2886.77;2852.56;2861.13;198584
2025-02-10;2858.09;2911.71;2854.51;2908.08;188468
2025-02-11;2907.44;2942.59;2881.77;2897.72;225396
2025-02-12;2895.7;2909.24;2864.0;2904.11;194409
2025-02-13;2900.99;2929.47;2900.45;2928.28;179167
2025-02-14;2925.18;2940.05;2876.93;2882.69;210252
2025-02-17;2881.82;2906.37;2878.43;2898.72;132714
2025-02-18;2898.55;2936.92;2892.09;2935.48;141776
2025-02-19;2930.05;2947.03;2918.65;2933.51;169471
2025-02-20;2932.15;2954.92;2924.15;2939.37;168768
2025-02-21;2937.54;2949.8;2916.86;2935.86;166129
2025-02-24;2935.15;2956.17;2921.43;2952.33;173381
2025-02-25;2948.56;2953.58;2888.5;2915.58;197317
2025-02-26;2914.15;2930.18;2890.84;2916.57;160902
2025-02-27;2915.61;2920.8;2867.86;2876.93;199861
2025-02-28;2875.49;2885.07;2832.71;2858.99;204709
2025-03-03;2853.35;2895.14;2850.98;2893.14;174798
2025-03-04;2892.21;2927.81;2881.98;2917.54;175650
2025-03-05;2917.57;2929.91;2894.4;2919.37;200071
2025-03-06;2918.32;2926.57;2891.41;2911.27;204392
2025-03-07;2911.95;2930.27;2896.26;2911.94;217084
2025-03-10;2912.16;2918.32;2880.33;2888.59;221126
2025-03-11;2888.04;2922.24;2880.33;2916.2;180013
2025-03-12;2913.57;2940.51;2906.14;2933.7;189858
2025-03-13;2934.47;2989.19;2933.05;2988.5;187982
2025-03-14;2988.37;3004.9;2978.57;2986.21;198551
2025-03-17;2984.58;3001.9;2982.31;3001.13;160715
2025-03-18;3001.24;3038.28;2999.49;3033.87;177964
2025-03-19;3032.97;3051.99;3022.87;3047.3;172769
2025-03-20;3047.02;3057.49;3025.79;3044.64;221156
2025-03-21;3044.25;3047.49;2999.56;3022.88;194475
2025-03-24;3020.55;3033.25;3002.59;3012.24;197991
2025-03-25;3010.17;3035.95;3007.66;3020.44;160700
2025-03-26;3018.77;3032.06;3012.43;3019.07;171349
2025-03-27;3017.58;3059.74;3017.49;3056.32;201514
2025-03-28;3056.74;3086.89;3054.03;3084.47;190347
2025-03-31;3082.46;3127.92;3076.87;3124.11;209326
2025-04-01;3122.65;3148.96;3100.94;3113.54;197221
2025-04-02;3112.82;3142.64;3104.96;3131.07;187722
2025-04-03;3139.29;3167.71;3054.24;3113.54;285150
2025-04-04;3114.07;3136.58;3015.86;3036.16;255477
2025-04-07;3006.81;3055.81;2956.62;2983.77;298041
2025-04-08;2981.15;3022.66;2974.79;2982.29;217958
2025-04-09;2982.68;3099.61;2970.11;3080.0;294028
2025-04-10;3083.49;3176.49;3071.37;3176.04;283640
2025-04-11;3175.67;3245.36;3175.61;3238.04;312981
2025-04-14;3229.76;3245.74;3193.66;3210.55;253042
2025-04-15;3210.84;3233.7;3210.09;3230.36;196147
2025-04-16;3231.56;3342.63;3229.98;3341.98;264705
2025-04-17;3342.76;3357.72;3283.99;3328.01;247101
2025-04-21;3331.85;3430.55;3328.17;3424.56;204659
2025-04-22;3422.74;3500.05;3366.63;3381.06;278934
2025-04-23;3355.96;3386.68;3260.06;3288.46;281585
2025-04-24;3287.03;3367.44;3287.03;3349.5;230577
2025-04-25;3349.18;3370.76;3265.11;3318.65;214564
2025-04-28;3322.55;3352.84;3268.05;3343.88;223271
2025-04-29;3343.31;3348.47;3299.71;3317.04;202556
2025-04-30;3313.08;3328.1;3266.94;3289.22;214086
2025-05-01;3288.24;3289.72;3202.03;3237.38;212153
2025-05-02;3238.02;3269.26;3222.85;3239.77;213205
2025-05-05;3238.75;3337.51;3237.31;3334.23;180294
2025-05-06;3335.78;3434.8;3323.03;3431.28;229714
2025-05-07;3435.34;3438.18;3360.19;3363.78;233965
2025-05-08;3363.79;3414.87;3288.8;3306.87;229520
2025-05-09;3305.28;3347.59;3274.75;3326.41;211638
2025-05-12;3287.02;3292.05;3207.8;3234.35;250309
2025-05-13;3235.35;3265.62;3215.86;3250.66;193318
2025-05-14;3249.55;3256.94;3167.92;3177.39;219069
2025-05-15;3176.37;3240.36;3120.73;3240.24;216236
2025-05-16;3239.61;3251.98;3154.45;3200.89;214945
2025-05-19;3206.88;3249.85;3205.54;3229.69;201055
2025-05-20;3228.99;3295.57;3204.62;3289.93;197087
2025-05-21;3289.35;3324.9;3285.44;3315.47;217597
2025-05-22;3316.99;3345.5;3279.44;3294.33;235258
2025-05-23;3294.62;3365.96;3287.07;3357.55;215753
2025-05-26;3354.58;3356.86;3323.92;3342.19;114903
2025-05-27;3342.83;3350.09;3285.1;3300.04;200843
2025-05-28;3299.39;3325.52;3275.78;3285.77;190039
2025-05-29;3287.52;3331.01;3245.55;3317.77;206869
2025-05-30;3318.21;3322.8;3271.68;3288.46;200541
2025-06-02;3298.54;3382.67;3295.22;3381.85;199764
2025-06-03;3383.61;3391.95;3333.22;3353.36;194644
2025-06-04;3352.96;3384.74;3343.87;3373.24;183674
2025-06-05;3374.51;3403.42;3339.49;3352.73;207924
2025-06-06;3353.0;3375.7;3307.0;3311.98;193463
2025-06-09;3311.0;3338.22;3293.6;3325.12;165864
2025-06-10;3324.16;3349.18;3301.94;3322.54;174775
2025-06-11;3322.36;3360.75;3315.32;3354.62;186646
2025-06-12;3357.64;3398.91;3338.65;3386.51;209678
2025-06-13;3383.87;3446.82;3379.62;3433.94;233929
2025-06-16;3431.92;3451.32;3382.91;3384.53;192010
2025-06-17;3385.8;3403.34;3366.23;3388.8;191977
2025-06-18;3389.68;3400.05;3362.36;3368.87;188508
2025-06-19;3367.82;3387.91;3347.59;3370.74;162337
2025-06-20;3368.92;3374.52;3340.35;3368.48;176070
2025-06-23;3385.28;3395.15;3347.08;3368.8;193350
2025-06-24;3367.64;3369.33;3295.39;3323.49;199459
2025-06-25;3322.73;3337.12;3312.0;3332.26;143003
2025-06-26;3331.32;3350.39;3309.99;3327.64;163980
2025-06-27;3324.69;3327.86;3255.9;3274.67;206680
2025-06-30;3271.84;3309.4;3246.73;3303.0;179703
2025-07-01;3303.84;3357.93;3302.07;3338.74;192993
2025-07-02;3337.52;3359.94;3327.71;3357.04;194468
2025-07-03;3356.56;3365.9;3311.6;3325.37;173880
2025-07-04;3324.54;3345.1;3323.41;3337.21;113938
2025-07-07;3333.12;3342.4;3296.45;3337.01;211538
2025-07-08;3337.94;3345.66;3287.19;3301.61;185555
2025-07-09;3301.58;3316.88;3282.81;3313.85;173328
2025-07-10;3312.32;3330.31;3310.23;3324.01;152314
2025-07-11;3322.3;3368.72;3321.65;3355.19;179877
2025-07-14;3361.18;3374.98;3341.05;3342.68;186839
2025-07-15;3343.02;3366.35;3320.31;3325.18;156837
2025-07-16;3321.8;3377.46;3319.76;3346.83;169682
2025-07-17;3347.4;3352.02;3309.96;3338.41;149983
2025-07-18;3338.78;3361.24;3331.91;3349.96;137204
2025-07-21;3349.95;3401.38;3344.89;3397.12;162599
2025-07-22;3395.95;3433.46;3383.37;3430.67;174318
2025-07-23;3430.72;3439.02;3381.55;3387.84;186379
2025-07-24;3386.34;3393.42;3351.46;3368.23;159262
2025-07-25;3367.61;3373.55;3325.05;3336.74;138970
2025-07-28;3319.04;3345.4;3301.89;3314.55;156006
2025-07-29;3313.5;3334.14;3308.15;3325.76;147261
2025-07-30;3326.88;3334.05;3268.1;3275.43;157998
2025-07-31;3275.38;3314.86;3273.56;3289.77;162362
2025-08-01;3289.76;3363.32;3281.66;3362.19;166869
2025-08-04;3364.35;3385.4;3345.12;3373.42;129610
2025-08-05;3371.24;3390.43;3349.9;3380.17;117636
2025-08-06;3379.93;3385.35;3358.3;3368.6;121974
2025-08-07;3369.03;3401.81;3365.31;3395.86;214657
2025-08-08;3401.15;3408.39;3376.0;3396.71;334181
2025-08-11;3396.3;3404.88;3341.34;3342.82;223888
2025-08-12;3342.0;3359.18;3331.09;3347.58;182979
2025-08-13;3348.18;3370.84;3342.75;3355.77;132912
2025-08-14;3356.3;3374.83;3329.87;3335.39;166268
2025-08-15;3334.8;3348.75;3332.09;3335.65;117322
2025-08-18;3335.98;3358.43;3323.39;3332.87;123868
2025-08-19;3332.19;3345.33;3314.91;3315.52;120424
2025-08-20;3313.91;3350.27;3311.54;3348.24;119090
2025-08-21;3348.25;3351.98;3325.24;3338.02;116136
2025-08-22;3337.77;3378.85;3321.48;3372.05;132454
2025-08-25;3370.23;3376.27;3359.84;3365.89;94613
2025-08-26;3365.55;3393.36;3351.27;3393.12;152207
2025-08-27;3393.68;3398.81;3373.88;3397.88;131653
2025-08-28;3395.77;3423.21;3384.59;3416.99;164335
2025-08-29;3414.95;3454.01;3404.44;3448.77;185694
2025-09-01;3444.99;3489.85;3437.06;3476.45;170115
2025-09-02;3475.37;3540.03;3470.29;3534.75;275269
2025-09-03;3532.44;3578.48;3526.17;3559.92;253274
2025-09-04;3560.7;3564.24;3510.82;3545.18;238233
2025-09-05;3545.2;3600.13;3540.02;3586.63;252701
2025-09-08;3579.26;3646.37;3577.17;3635.81;245203
2025-09-09;3635.04;3674.22;3626.7;3626.91;246242
2025-09-10;3619.73;3657.46;3617.6;3640.51;215313
2025-09-11;3642.1;3649.18;3612.69;3633.22;210579
2025-09-12;3632.1;3656.64;3630.52;3642.65;184323
2025-09-15;3642.66;3685.66;3626.64;3678.92;197183
2025-09-16;3680.27;3703.05;3674.81;3689.86;203162
2025-09-17;3688.68;3707.56;3646.15;3659.4;231868
2025-09-18;3657.5;3673.02;3627.96;3644.68;233937
2025-09-19;3642.15;3685.3;3632.36;3684.57;213398
2025-09-22;3687.63;3748.86;3683.46;3746.47;222945
2025-09-23;3744.95;3791.07;3736.9;3764.7;256921
2025-09-24;3763.61;3779.27;3717.51;3737.07;210848
2025-09-25;3735.81;3761.59;3722.12;3750.05;239732
2025-09-26;3749.24;3783.78;3734.54;3760.42;225657
2025-09-29;3756.46;3833.99;3755.99;3833.63;267395
2025-09-30;3832.4;3871.67;3793.21;3859.36;249183
2025-10-01;3859.05;3895.25;3853.5;3864.01;250994
2025-10-02;3867.66;3897.26;3819.47;3855.01;228760
2025-10-03;3855.19;3891.65;3838.15;3886.76;223052
2025-10-06;3888.14;3970.07;3884.18;3960.95;285776
2025-10-07;3957.95;3991.0;3940.93;3984.67;290339
2025-10-08;3983.27;4059.28;3982.74;4040.93;282619
2025-10-09;4041.26;4057.88;3944.61;3975.9;338735
2025-10-10;3974.04;4022.82;3946.94;4012.22;333486
2025-10-13;4002.01;4117.16;4000.16;4111.22;283107
2025-10-14;4110.72;4179.76;4090.43;4143.57;347745
2025-10-15;4142.77;4218.24;4140.64;4207.36;295619
2025-10-16;4206.8;4330.62;4199.58;4326.63;304079
2025-10-17;4331.5;4379.56;4186.01;4251.8;382873
2025-10-20;4248.16;4381.66;4218.84;4356.34;311211
2025-10-21;4354.86;4375.36;4079.13;4126.42;368761
2025-10-22;4125.06;4161.41;4004.12;4099.65;374475
2025-10-23;4095.31;4154.68;4066.19;4125.06;319494
2025-10-24;4124.39;4144.36;4044.4;4112.28;302845
2025-10-27;4076.61;4109.14;3971.54;3981.69;327059
2025-10-28;3987.05;4019.73;3886.66;3951.34;307562
2025-10-29;3951.86;4030.4;3916.26;3929.67;319846
2025-10-30;3924.75;4027.13;3915.51;4025.94;348249
2025-10-31;4024.06;4046.3;3972.47;4001.68;338623
2025-11-03;3989.88;4030.54;3962.61;4000.31;308238
2025-11-04;4001.39;4005.62;3928.82;3931.95;312036
2025-11-05;3932.96;3990.49;3929.8;3978.57;272673
2025-11-06;3974.89;4019.58;3964.5;3977.25;269670
2025-11-07;3977.56;4027.47;3974.24;4000.4;236017
2025-11-10;3997.86;4116.63;3997.44;4115.66;260816
2025-11-11;4114.05;4149.05;4097.24;4127.41;248055
2025-11-12;4127.56;4211.72;4098.91;4194.39;298221
2025-11-13;4198.79;4245.16;4145.5;4172.88;326716
2025-11-14;4171.27;4211.39;4032.2;4084.59;329070
2025-11-17;4082.9;4106.84;4006.89;4045.5;300210
2025-11-18;4046.85;4082.18;3998.02;4066.75;294455
2025-11-19;4068.16;4132.81;4055.65;4078.03;299615
2025-11-20;4076.54;4110.13;4038.92;4077.51;330177
2025-11-21;4075.92;4101.15;4022.56;4064.96;339899
2025-11-24;4070.83;4140.04;4040.18;4135.32;258015
2025-11-25;4133.44;4159.5;4109.65;4129.68;282502
2025-11-26;4131.21;4173.48;4129.75;4164.02;245314
2025-11-27;4163.4;4168.81;4142.69;4157.46;175257
2025-11-28;4159.7;4227.06;4155.0;4219.13;192632
2025-12-01;4222.98;4264.58;4205.42;4232.51;483769
2025-12-02;4230.04;4236.08;4163.58;4205.86;406029
2025-12-03;4204.53;4241.57;4194.56;4204.42;414721
2025-12-04;4203.55;4219.49;4174.88;4208.45;419684
2025-12-05;4207.7;4259.35;4192.08;4199.08;376131
2025-12-08;4196.38;4218.96;4176.35;4189.58;364629
2025-12-09;4189.2;4221.54;4170.07;4208.13;395288
2025-12-10;4204.42;4238.71;4181.64;4226.89;413027
2025-12-11;4225.61;4285.94;4204.27;4279.76;410411
2025-12-12;4280.35;4353.5;4257.41;4300.14;463451
2025-12-15;4299.31;4350.35;4285.33;4305.87;417071
2025-12-16;4305.58;4335.69;4271.72;4302.13;421986
2025-12-17;4302.12;4349.26;4301.59;4338.9;423157
2025-12-18;4336.33;4374.64;4308.62;4332.57;407500
2025-12-19;4330.98;4356.62;4309.28;4338.8;348574
2025-12-22;4339.4;4449.28;4337.99;4443.77;330104
2025-12-23;4447.32;4500.07;4430.46;4485.46;381477
2025-12-24;4486.59;4525.91;4448.39;4478.68;355218
2025-12-26;4491.97;4549.83;4482.01;4531.08;313535
2025-12-29;4534.67;4550.03;4302.45;4331.07;386211
2025-12-30;4331.98;4404.23;4323.58;4336.8;340631
2025-12-31;4338.1;4373.18;4274.68;4311.57;289573
2026-01-02;4324.62;4402.4;4310.06;4332.95;272829
2026-01-05;4350.4;4455.75;4345.12;4448.72;325075
2026-01-06;4446.93;4497.45;4427.96;4494.33;285620
2026-01-07;4494.11;4500.47;4423.51;4455.74;304776
